Título da atividade	Descrição da atividade	Tipo de Atividade	Horas	Pontos	Localização	Horário Começo	Horário Término	Nomes dos palestrantes	Arquivos de Imagem	Descrições dos palestrantes
Você não é pago para escrever código	Nunca fomos medidos por linhas de código escritas. Não vai ser com a IA que isso vai mudar. O código sempre foi um byproduct de uma solução. O foco é no entendimento do problema e sua respectiva quebra em questões menores, que podem ser programadas. Comandar o computador continua e continuará chave.	Palestra	1	100	Auditório Jacy Monteiro, IME-USP - Bloco B	06/10/2026 13:40:00	06/10/2026 14:40:00	Paulo Silveira	paulo-silveira.jpg	 Paulo Silveira é bacharel e mestre em Ciência da Computação. Cofundador  da Alura e do grupo Alun, onde trabalha como líder de visão, coloborando com  PM3, StartSe e FIAP. Paulo é host do principal podcast de tecnologia brasileiro, o Hipsters Ponto Tech, é investidor anjo em 41 startups e empreendedor Endeavor.
A construção da carreira em tecnologia na visão de uma jovem engenheira de software	Nesta palestra vou contar os bastidores da minha trajetória em engenharia de software, do estágio até a posição atual de engenheira pleno no iFood. Quero compartilhar as lições que aprendi ao longo do caminho e o que eu faria diferente se tivesse que começar de novo: como enxergo oportunidades, o que pesa numa entrevista do outro lado da mesa e como aproveitar de verdade a fase de estágio pra construir a carreira que você quer.	Palestra	1	100	Auditório Jacy Monteiro, IME-USP - Bloco B	08/10/2026 15:10:00	08/10/2026 16:10:00	Natália Naomi Sumida	natalia-naomi.jpg	Engenheira de software no iFood, com mais de 4 anos de experiência na área de TI. Formada como Técnica em Informática pelo COTUCA e atualmente graduanda em Engenharia de Software pela PUC-Campinas. Me interesso pela intersecção entre engenharia, dados e produto, com foco em Busca, e gosto de compartilhar experiências que aprendi ao longo da minha trajetória.
Como treinar modelos de Machine Learning quando o mundo real não coopera	O treinamento efetivo de modelos de Machine Learning e, em especial de redes neurais modernas, costuma exigir um volume massivo de dados rotulados. Embora a geração de dados seja abundante hoje, o mundo real impõe barreiras severas na prática. Nesta palestra, abordaremos três cenários críticos: quando não temos acesso aos dados (privacidade), quando os dados não possuem rótulos (custo de anotação) e quando os eventos não se repetem o suficiente (escassez). Para cada uma dessas situações, discutiremos as estratégias e arquiteturas criativas usadas na prática para alcançar um treinamento de alto desempenho. 	Palestra	1	100	Auditório Jacy Monteiro, IME-USP - Bloco B	07/10/2026 15:10:00	07/10/2026 16:10:00	Nina S. T. Hirata	nina-hirata.png	Professora, IME/USP
Podemos confiar na IA? Como avaliar sistemas de Gen AI?	Sistemas de IA generativa introduzem um desafio diferente dos modelos tradicionais: nem sempre existe uma única resposta correta. Então, como saber se uma aplicação de GenAI está realmente funcionando? Nesta palestra, vamos explorar estratégias para avaliar sistemas de GenAI ao longo de seu ciclo de desenvolvimento, passando por métricas, mapeamento de riscos e a tríade da validação. A ideia é entender como transformar “parece que funciona” em evidências de que o sistema é confiável para o contexto em que será utilizado.	Palestra	1	100	Auditório Jacy Monteiro, IME-USP - Bloco B	06/10/2026 12:30:00	06/10/2026 13:30:00	Laura Damaceno de Almeida	laura-damaceno.jpg	"Cientista de dados e Linkedin Top Voice. Mestre em ciências da computação com ênfase em IA, sendo uma das paixões como cientista e pesquisadora é desvendar histórias através dos dados. Co-autora do livro ""IA por Mulheres"", lançado em Harvard.  Co-fundadora de uma comunidade que visa incluir e capacitar mulheres brasileiras em inteligência artificial e ciência de dados no Brasil, chamada AI Girls. Criadora de conteúdo no @laura_data_talks, cujo intuito é desmitificar a ciência de dados e IA para as pessoas"
Inteligência Artificial no Verão Tropical: Discutindo Possíveis Futuros da IA no Brasil	Inteligência Artificial é um dos assuntos mais discutidos na sociedade no momento. Essa palestra tentará tatear por questões ligadas a ensino (de IA e por IA) e pesquisa (em IA e usando IA), especificamente pensando na realidade brasileira. É provável que o número de dúvidas seja maior do que o de respostas, mas é bom pelo menos organizar um pouco as ideias e procurar um caminho no meio desse avanço tecnológico avassalador. 	Palestra	1	100	Auditório Jacy Monteiro, IME-USP - Bloco B	06/10/2026 15:10:00	06/10/2026 16:10:00	Fabio Gagliardi Cozman	fabio-cozman.jpg	Fabio G. Cozman é Professor Titular da Escola Politécnica da Universidade de São Paulo (USP), Diretor do Centro de Inteligência Artificial e Aprendizado de Máquina (CIAAM) da USP, com foco em aprendizado de máquina e representação de conhecimento e incerteza. Engenheiro pela Escola Politécnica USP e PhD pela Carnegie Mellon University (EUA), serviu, entre outras atividades, como Program e General Chair da Conference on Uncertainty in Artificial Intelligence, Area Chair da International Joint Conference on Artificial Intelligence, Associate Editor dos periódicos Artificial Intelligence, Journal of Artificial Intelligence Research, e Journal of Approximate Reasoning. Foi também coordenador do Comitê Especial em Inteligência Artificial da Sociedade Brasileira de Computação, e recebeu o Prêmio de Mérito Científico em Inteligência Artificial concedido por aquela sociedade. 
Ameaças Invisíveis: Ataques Adversariais na Computação Clássica e Quântica	Como pequenas alterações imperceptíveis aos olhos humanos podem enganar os sistemas de Inteligência Artificial mais avançados do mundo? Nesta palestra, exploraremos os fundamentos da inteligência artificial clássica e dos ataques adversariais através de um storytelling guiado por casos reais, desde falhas críticas no setor militar até os impactos no mundo corporativo. Após mapearmos as fragilidades e as ilusões digitais da computação clássica, faremos a ponte para a próxima fronteira tecnológica. Com o avanço do Quantum Machine Learning, responderemos a segunte provocação: a natureza complexa da computação quântica será a nossa salvação contra essas ameaças, ou a sua estrutura a tornará ainda mais frágil e vulnerável aos ataques adversariais?	Palestra	1	100	Auditório Jacy Monteiro, IME-USP - Bloco B	08/10/2026 16:20:00	08/10/2026 17:20:00	Pedro Merino	pedro-merino.jpg	"Pedro é bacharel em Física pelo Instituto de Física da Universidade de São Paulo (IFUSP). Atualmente, cursa mestrado em Engenharia Eletrônica e de Computação no Instituto Tecnológico de Aeronáutica (ITA), onde sua pesquisa se concentra na investigação de ataques adversariais em sistemas de aprendizado de máquina quânticos. Paralelamente ao trabalho acadêmico, dedica parte do seu tempo à comunidade de computação quântica como voluntário do IBM Qiskit Advocate.  Durante o último ano de graduação, realizou um projeto de pesquisa financiado pela FAPESP, intitulado ""Detecção e Classificação de Objetos Estelares Jovens com Métodos de Aprendizado de Máquina"", no qual desenvolveu uma rede neural utilizando dados fotométricos para detectar e classificar estrelas.  Durante o ensino médio, obteve resultados excepcionais em competições acadêmicas, notadamente conquistando a Medalha de Ouro na Olimpíada Brasileira de Astronomia e Astronáutica (OBA) em 2021 e a Medalha de Bronze em 2020. Também recebeu uma Medalha de Prata na Olimpíada Nacional de Ciências em 2021 e uma Medalha de Bronze em 2020."
Hackeando a Pilha de Rede do Linux: Como eBPF e XDP Reprogramam o Kernel para Streaming de Vídeo de Ultra-Baixa Latência	Com o passar dos anos, a Internet passou de uma rede voltada essencialmente ao transporte de texto para uma infraestrutura capaz de suportar áudio, vídeo, jogos e aplicações interativas. Diferentemente do texto, aplicações multimídia são muito sensíveis a atrasos, perdas e variações na rede (ninguém quer que o vídeo trave justamente no momento mais importante!)  Nesta palestra, veremos que Redes de Computadores não são apenas protocolos isolados: o sistema operacional também tem um papel fundamental no tratamento dos pacotes e pode ser programado para modificar seu comportamento. Veremos na prática como eBPF e XDP permitem reprogramar parte do processamento de rede no kernel Linux e como essa capacidade pode ser utilizada para proteger um fluxo de vídeo em tempo real contra tráfego agressivo.  Ao final, serão apresentadas questões que vão além da parte prática apresentada na palestra e que podem dar origem a projetos de iniciação científica e pesquisas avançadas em Redes de Computadores.	Palestra	1	100	Auditório Jacy Monteiro, IME-USP - Bloco B	08/10/2026 13:40:00	08/10/2026 14:40:00	Daniel Macêdo Batista	daniel-batista.jpeg	Daniel possui graduação em Ciência da Computação pela UFBA, mestrado em Ciência da Computação pela Unicamp e doutorado em Ciência da Computação também pela Unicamp. É professor do Departamento de Ciência da Computação do IME/USP desde fevereiro de 2011 onde ministra regularmente as disciplinas de Sistemas Operacionais e Redes de Computadores para o BCC. Sua principal área de pesquisa é Redes de Computadores e orienta trabalhos nessa área nos níveis de doutorado, mestrado e iniciação científica.
Sorria! Você está sendo filmado:  Os Problemas e Problemas da Vigilância Automatizada Baseada em Vídeos	Com o crescente número de câmeras instaladas nas cidades e o grande interesse em sistemas de inteligência artificial, discutir vigilância automatizada se torna imprescindível. Esta palestra irá introduzir o assunto, passando por conceitos fundamentais, possíveis aplicações e desafios. Também discutiremos os principais impactos dessas tecnologias.	Palestra	1	100	Auditório Jacy Monteiro, IME-USP - Bloco B	07/10/2026 12:30:00	07/10/2026 13:30:00	Helena de Almeida Maia	helena-maia.jpg	Helena Maia é professora no Instituto de Computação (IC) da Universidade Estadual de Campinas (UNICAMP). É membro do laboratório de inteligência artificial recod.ai, professora colaboradora no Hub de Inteligência Artificial e Arquiteturas Cognitivas (H.IAAC) e pesquisadora no projeto Linguagem Humana e Inteligência Artificial (LIA). Suas áreas de atuação incluem Ética e Letramento em Inteligência Artificial, Processamento de Linguagem Natural, Visão Computacional e Aprendizado de Máquina. Possui graduação e mestrado em Ciência da Computação pela Universidade Federal de Juiz de Fora (UFJF), e doutorado em Ciência da Computação pela UNICAMP.
Computação Quântica como você nunca viu	"O imaginário popular enquadra a computação quântica como um bicho de sete cabeças impossível de ser compreendido por meros mortais. Mas será que precisa mesmo ser assim? Nós usaremos o jogo de tabuleiro ""Entanglion"", desenvolvido pela IBM, para que você entenda as bases deste novo campo da ciência de maneira natural, apresentando conceitos como entrelaçamento e superposição de forma intuitiva, sem perder o viés científico."	Workshop	1	100	Auditório Jacy Monteiro, IME-USP - Bloco B	05/10/2026 13:40:00	05/10/2026 14:40:00	Projeto Entanglion	entanglion.jpeg	O Projeto Entanglion faz parte de uma AEX (Atividade Extensionista), organizada pelo prof. Dr. Marcos Chaim, que visa divulgar a computação quântica para o público geral. Fazemos isso promovendo oficinas práticas com partidas de Entanglion nas quais explicamos os conceitos teóricos por trás do jogo de tabuleiro desenvolvido pela IBM. Já promovemos estas oficinas em Board Games Houses, escolas, além de sermos correspondentes da Rede Iberoamericana para o Avanço da Engenharia de Software Quântico (RIPAISC)
Oficina de GIT	O FLUSP dará seu melhor para letrar os interessados nos fundamentos do GIT... e aqueles com a guarda baixa sem dúvida serão recrutados para utilizarem os conhecimentos adquiridos no desenvolvimento de software livre!	Workshop	1	100	CEC, IME-USP - Bloco B	05/10/2026 16:20:00	05/10/2026 17:20:00	FLUSP - Free, Libre, open source software na USP	flusp.jpg	Grupo de Extensão de software livre e aberto da USP
Modelagem Booleana de Redes Gênicas: da lógica ao comportamento celular	Como valores binários e operadores AND, OR e NOT podem ajudar a compreender o comportamento de uma célula? Nesta palestra, veremos como redes Booleanas representam interações entre componentes celulares e como regras locais podem produzir diferentes comportamentos, como a divisão celular, a interrupção do ciclo ou a morte da célula.  Conectaremos conceitos familiares à Computação — estados, transições e dinâmica de redes — a questões biológicas: como uma mesma rede pode apresentar comportamentos distintos? Como alterações em seus componentes afetam essa dinâmica? E o que podemos concluir a partir das previsões de um modelo?  Com exemplos de aplicações em Biologia, discutiremos as possibilidades e os limites da modelagem Booleana. Os conceitos biológicos necessários serão introduzidos ao longo da apresentação, sem exigir conhecimento prévio de Biologia.	Palestra	1	100	Auditório Jacy Monteiro, IME-USP - Bloco B	07/10/2026 16:20:00	07/10/2026 17:20:00	Ronaldo Fumio Hashimoto	ronaldo-hashimoto.jpg	Ronaldo Fumio Hashimoto é professor do Instituto de Matemática, Estatística e Ciência da Computação da Universidade de São Paulo (IME-USP). Sua pesquisa abrange processamento de imagens, aprendizado de máquina e bioinformática.  Em processamento de imagens, desenvolve métodos baseados em morfologia matemática e representações hierárquicas, com foco em algoritmos eficientes de filtragem e na integração de operadores morfológicos a redes neurais.  Na interface entre Computação e Biologia, investiga aplicações de aprendizado de máquina em bioinformática, além da modelagem e inferência de redes de regulação gênica. 
Como a Tako escalou com a mesma infraestrutura e desenvolveu um produto de IA muito além do chatbot	Cases, conceitos e frameworks que fizeram a Tako escalar e se tornar um dos principais players de IA para RH do Brasil	Palestra	1	100	Auditório Jacy Monteiro, IME-USP - Bloco B	09/10/2026 13:40:00	09/10/2026 14:40:00	Bruno Cerejo | André Spanguero	bruno-cerejo.jpeg | andre-spanguero.jpg	Bruno Cerejo é engenheiro de software na Tako, com mais de 12 anos em tecnologia e passagens por Nubank, Mercado Livre e Cielo. É formado em Análise e Desenvolvimento de Sistemas pela Fatec São Paulo. | André Spanguero é formado em Ciência da Computação pela USP e atua como engenheiro de software na Tako. Com mais de 10 anos de experiência em tecnologia e passagens por Google, Zé Delivery e RocketSeat.   
Como colorir um grafo propriamente com menos cores que o mínimo possível	O número cromático χ(G) de um grafo G é menor número de cores que podemos usar em uma coloração dos vértices de G de forma que a coloração seja própria, isto é, não haja arestas com suas duas pontas de cores iguais.  Curiosamente, para certos grafos G, é possível encontrar tais colorações com menos cores que χ(G), caso admitamos colorações próprias quânticas.  Discutiremos esse fenômeno nesta palestra, introduzindo, naturalmente, o que se entende por tais colorações quânticas.	Palestra	1	100	Auditório Jacy Monteiro, IME-USP - Bloco B	06/10/2026 16:20:00	06/10/2026 17:20:00	Yoshiharu Kohayakawa	yoshiharu-kohayakawa.jpg	Yoshiharu Kohayakawa é Professor Titular da Universidade de São Paulo desde 2004.  Obteve seu título de doutor em matemática na Universidade de Cambridge (1991), sob a orientação de Béla Bollobás.  Seus interesses concentram-se nas áreas de combinatória e teoria da computação.  Suas linhas de pesquisa envolvem, entre outros, grafos aleatórios, teoria de Ramsey, problemas extremais, métodos probabilísticos, e o método da regularidade.
Quando as máquinas agem: agentes, trabalho e sociedade	Nesta palestra eu vou falar sobre agentes, sua história, sua relação com os modelos de linguagem atuais, seu impacto no trabalho dos profissionais de computação e a questão mais importante, quem se responsabiliza pela ação dos agentes.	Palestra	1	100	Auditório Jacy Monteiro, IME-USP - Bloco B	07/10/2026 13:40:00	07/10/2026 14:40:00	Roberto Hirata Jr.	roberto-hirata.jpeg	Roberto é professor do Instituto de Matemática, Estatística e Ciência da Computação da Universidade de São Paulo. Suas áreas de pesquisa são visão computacional e aprendizado de máquina.
Computando no escuro: criptografia homomórfica e suas aplicações em privacidade	Toda consulta a um serviço online revela algo. Ao buscar um sintoma num banco de dados hospitalar, verificar se uma senha foi vazada ou mesmo identificar um número desconhecido. Em todas as consultas, o usuário entrega ao servidor alguma informação que deseja saber. A criptografia tradicional protege essa consulta de quem observa a rede, mas não do próprio servidor, que precisa de fato ler a pergunta para respondê-la. entretatanto, muitas vezes, a pergunta revela mais do que a resposta...  Seria possível obter uma informação sem revelar qual informação se procura? À primeira vista, isso exigiria algo impossível: que o servidor respondesse a uma pergunta que não consegue ler. Esse é o problema da recuperação privada de informação (Private Information Retrieval - PIR). Uma das possíveis técnica para resolver esse problema é através da criptografia homomórfica, que permite realizar cálculos sobre dados cifrados. Nesta palestra, veremos como é possível perguntar sem revelar a pergunta.  Não é necessário conhecimento prévio de criptografia.	Palestra	1	100	Auditório Jacy Monteiro, IME-USP - Bloco B	08/10/2026 12:30:00	08/10/2026 13:30:00	Luiza Soezima	luiza-soezima.jpg	Luiza é estudante de doutorado na Aarhus University (Dinamarca), com orientação de Diego F. Aranha e Peter Scholl. Sua pesquisa está na interseção entre criptografia aplicada e privacidade. Ela trabalha com primitivas como a recuperação privada de informação (PIR) e operações privadas sobre conjuntos, e com aplicações como comunicação segura e transações financeiras seguras. Graduou-se em 2024 no BCC e prosseguiu com um mestrado em computação com ênfase em Cybersecurity na Université Grenoble Alpes (França).
Roda de conversa & Dúvidas sobre carreira acadêmica e pós-graduação em computação	Junte-se aos professores Renata Wasserman e Guilherme Oliveira Mota, ao lado de alunos de pós-graduação do IME-USP, como Carlos Marques e Idian Capozzoli, em uma conversa aberta e descontraída sobre os rumos da carreira acadêmica em Computação. O encontro abordará como funciona a pós-graduação, a escolha de áreas de pesquisa e as vivências reais de quem está em diferentes momentos da trajetória científica. Reunindo as perspectivas de docentes e pós-graduandos, o papo promete um panorama completo e autêntico sobre o universo da pesquisa. Esta é uma oportunidade única para tirar suas dúvidas, trocar ideias e entender de perto os próximos passos para o seu futuro acadêmico.	Conversa	1	100	Auditório Jacy Monteiro, IME-USP - Bloco B	09/10/2026 16:20:00	09/10/2026 17:20:00	Renata Wasserman | Guilherme Oliveira Mota | Carlos Marques | Idian Capozzoli 	renata-wasserman.jpg | guilherme-mota.jpg | carlos-marques.jpg | idian-capozzoli.jpg	Renata Wasserman é professora associada do Departamento de Ciência da Computação do Instituto de Matemática e Estatística da USP. E membro do grupo de pesquisa em Lógica, Inteligência Artificial e Métodos Formais (LIAMF), pesquisadora do Centro de Inteligência Artificial (C4AI) e integra o conselho diretor do Lawgorithm. | Guilherme Oliveira Mota é professor do Departamento de Ciência da Computação do Instituto de Matemática e Estatística da USP. É pesquisador na área de Combinatória e Teoria dos Grafos, atuando principalmente em combinatória extremal e probabilística, métodos probabilísticos e algoritmos em grafos. | Carlos Marques é graduado no BCC do IME-USP em 2025, atualmente é aluno de mestrado no Programa de Pós Graduação em Ciência da Computação do mesmo instituto, orientado pela Profª Nina S. T. Hirata. Membro do LEARN (Liga de Estudos em Aprendizado de Máquina e Redes Neurais), possui interesse em Graph Neural Networks. | Idian Capozzoli se graduou no BCC em 2025 e atualmente é estudante e bolsista FAPESP de mestrado no IME. É orientada por Yoshiko Wakabayashi, coorientada por Cristiane Sato e trabalha com otimização combinatória, em especial com problemas de coloração em grafos. Suas principais áreas de interesse são otimização, combinatória e teoria da computação.
Encerramento	Para encerrar a XVI Semana da Computação, teremos uma tradicional roda de conversa com professores e ex-alunos do curso. O encontro será um espaço aberto para trocar experiências, relembrar histórias, discutir as transformações do mundo da computação e refletir sobre as mudanças tecnológicas e acadêmicas ao longo dos anos. Além de compartilhar trajetórias e perspectivas sobre o futuro da área, o evento também será uma oportunidade para os alunos atuais tirarem dúvidas e interagirem com quem já trilhou esse caminho. Encerrando a tarde, teremos um coffee break especial para celebrar o fim de mais uma Semana da Computação e fortalecer os laços entre gerações do curso.	Encerramento	1	100		09/10/2026 17:40:00	09/10/2026 18:40:00			